Individual,Story
Shreyash Gupta,Documents revealed that Shreyash Gupta made suspicious cash deposits at multiple bank branches.
Shreyash Gupta,Shreyash Gupta was involved in a scheme to use charitable organizations as a cover for laundering money.
Shreyash Gupta,Financial audits raised red flags around Shreyash Gupta's complex web of business transactions.
Shreyash Gupta,Shreyash Gupta is suspected of using a series of fake identities to launder funds through cryptocurrency exchanges.
Shreyash Gupta,Shreyash Gupta is suspected of using a series of fake identities to launder funds through cryptocurrency exchanges.
Shreyash Gupta,Law enforcement agencies are looking into Shreyash Gupta's financial activities after receiving tips about unusual patterns.
Shreyash Gupta,Shreyash Gupta's name appeared in leaked documents connected to a notorious crime syndicate.
Shreyash Gupta,A whistleblower alleged that Shreyash Gupta participated in illicit transactions with sanctioned individuals.
Shreyash Gupta,Shreyash Gupta was involved in a scheme to use charitable organizations as a cover for laundering money.
Shreyash Gupta,Shreyash Gupta was accused of structuring transactions to avoid detection by authorities.
Adrita Banerjee,Adrita Banerjee was found to have transferred large sums of money to offshore accounts without explanation.
Adrita Banerjee,Adrita Banerjee was implicated in a case where funds were funneled through multiple countries to obscure their origin.
Adrita Banerjee,Financial audits raised red flags around Adrita Banerjee's complex web of business transactions.
Adrita Banerjee,Adrita Banerjee had connections with known money launderers who were recently arrested.
Adrita Banerjee,Multiple properties owned by Adrita Banerjee were seized after being linked to criminal enterprises.
Adrita Banerjee,A whistleblower alleged that Adrita Banerjee participated in illicit transactions with sanctioned individuals.
Adrita Banerjee,Adrita Banerjee was linked to a large-scale money laundering operation involving shell companies.
Adrita Banerjee,Adrita Banerjee is suspected of using a series of fake identities to launder funds through cryptocurrency exchanges.
Adrita Banerjee,Adrita Banerjee is under scrutiny for alleged ties to organized crime and money laundering activities.
Adrita Banerjee,Adrita Banerjee was implicated in a case where funds were funneled through multiple countries to obscure their origin.
Rahul Ganatra,Rahul Ganatra had connections with known money launderers who were recently arrested.
Rahul Ganatra,Authorities investigated Rahul Ganatra for suspected involvement in a fraud scheme that bilked investors out of millions.
Rahul Ganatra,Rahul Ganatra's name appeared in leaked documents connected to a notorious crime syndicate.
Rahul Ganatra,An investigation revealed that Rahul Ganatra had been involved in a network smuggling large amounts of cash across borders.
Rahul Ganatra,Documents revealed that Rahul Ganatra made suspicious cash deposits at multiple bank branches.
Rahul Ganatra,Reports suggest Rahul Ganatra used front companies to obscure illegal financial activities.
Rahul Ganatra,Reports suggest Rahul Ganatra used front companies to obscure illegal financial activities.
Rahul Ganatra,Rahul Ganatra was flagged by international regulators for their involvement in high-risk financial activity.
Rahul Ganatra,Investigators found Rahul Ganatra was part of a high-profile money laundering ring spanning several continents.
Rahul Ganatra,Financial audits raised red flags around Rahul Ganatra's complex web of business transactions.
Keyur Mistry,Keyur Mistry's name appeared in leaked documents connected to a notorious crime syndicate.
Keyur Mistry,Keyur Mistry was involved in a scheme to use charitable organizations as a cover for laundering money.
Keyur Mistry,Keyur Mistry's name appeared in leaked documents connected to a notorious crime syndicate.
Keyur Mistry,Keyur Mistry's name appeared in leaked documents connected to a notorious crime syndicate.
Keyur Mistry,Keyur Mistry had connections with known money launderers who were recently arrested.
Keyur Mistry,Keyur Mistry was accused of structuring transactions to avoid detection by authorities.
Keyur Mistry,Keyur Mistry is under scrutiny for alleged ties to organized crime and money laundering activities.
Keyur Mistry,Reports suggest Keyur Mistry used front companies to obscure illegal financial activities.
Keyur Mistry,Law enforcement agencies are looking into Keyur Mistry's financial activities after receiving tips about unusual patterns.
Keyur Mistry,Keyur Mistry was involved in a scheme to use charitable organizations as a cover for laundering money.
Pranav Narkhede,Pranav Narkhede was implicated in a case where funds were funneled through multiple countries to obscure their origin.
Pranav Narkhede,Pranav Narkhede was implicated in a case where funds were funneled through multiple countries to obscure their origin.
Pranav Narkhede,Law enforcement agencies are looking into Pranav Narkhede's financial activities after receiving tips about unusual patterns.
Pranav Narkhede,Pranav Narkhede was accused of structuring transactions to avoid detection by authorities.
Pranav Narkhede,Multiple properties owned by Pranav Narkhede were seized after being linked to criminal enterprises.
Pranav Narkhede,Authorities suspect that Pranav Narkhede used art and luxury goods as a means to launder illegal funds.
Pranav Narkhede,Pranav Narkhede was implicated in a case where funds were funneled through multiple countries to obscure their origin.
Pranav Narkhede,Multiple properties owned by Pranav Narkhede were seized after being linked to criminal enterprises.
Pranav Narkhede,Pranav Narkhede's name appeared in leaked documents connected to a notorious crime syndicate.
Pranav Narkhede,Multiple properties owned by Pranav Narkhede were seized after being linked to criminal enterprises.
Aniruddh Sengupta,Reports suggest Aniruddh Sengupta used front companies to obscure illegal financial activities.
Aniruddh Sengupta,An investigation revealed that Aniruddh Sengupta had been involved in a network smuggling large amounts of cash across borders.
Aniruddh Sengupta,Aniruddh Sengupta was found to have transferred large sums of money to offshore accounts without explanation.
Aniruddh Sengupta,Authorities investigated Aniruddh Sengupta for suspected involvement in a fraud scheme that bilked investors out of millions.
Aniruddh Sengupta,An investigation revealed that Aniruddh Sengupta had been involved in a network smuggling large amounts of cash across borders.
Aniruddh Sengupta,Documents revealed that Aniruddh Sengupta made suspicious cash deposits at multiple bank branches.
Aniruddh Sengupta,Aniruddh Sengupta's name appeared in leaked documents connected to a notorious crime syndicate.
Aniruddh Sengupta,Aniruddh Sengupta was accused of structuring transactions to avoid detection by authorities.
Aniruddh Sengupta,Aniruddh Sengupta had connections with known money launderers who were recently arrested.
Aniruddh Sengupta,Aniruddh Sengupta is under scrutiny for alleged ties to organized crime and money laundering activities.
Robert Wilson,Investigators found Robert Wilson was part of a high-profile money laundering ring spanning several continents.
Robert Wilson,Reports suggest Robert Wilson used front companies to obscure illegal financial activities.
Robert Wilson,Robert Wilson is suspected of using a series of fake identities to launder funds through cryptocurrency exchanges.
Robert Wilson,Authorities suspect that Robert Wilson used art and luxury goods as a means to launder illegal funds.
Robert Wilson,Robert Wilson is suspected of using a series of fake identities to launder funds through cryptocurrency exchanges.
Robert Wilson,Robert Wilson is under scrutiny for alleged ties to organized crime and money laundering activities.
Robert Wilson,An investigation revealed that Robert Wilson had been involved in a network smuggling large amounts of cash across borders.
Robert Wilson,Robert Wilson was implicated in a case where funds were funneled through multiple countries to obscure their origin.
Robert Wilson,Financial audits raised red flags around Robert Wilson's complex web of business transactions.
Robert Wilson,Reports suggest Robert Wilson used front companies to obscure illegal financial activities.
Linda Martinez,Linda Martinez was implicated in a case where funds were funneled through multiple countries to obscure their origin.
Linda Martinez,Authorities suspect that Linda Martinez used art and luxury goods as a means to launder illegal funds.
Linda Martinez,Linda Martinez was implicated in a case where funds were funneled through multiple countries to obscure their origin.
Linda Martinez,Authorities suspect that Linda Martinez used art and luxury goods as a means to launder illegal funds.
Linda Martinez,Linda Martinez had connections with known money launderers who were recently arrested.
Linda Martinez,An investigation revealed that Linda Martinez had been involved in a network smuggling large amounts of cash across borders.
Linda Martinez,Linda Martinez had connections with known money launderers who were recently arrested.
Linda Martinez,Reports suggest Linda Martinez used front companies to obscure illegal financial activities.
Linda Martinez,An investigation revealed that Linda Martinez had been involved in a network smuggling large amounts of cash across borders.
Linda Martinez,Linda Martinez was involved in a scheme to use charitable organizations as a cover for laundering money.
David Anderson,David Anderson was implicated in a case where funds were funneled through multiple countries to obscure their origin.
David Anderson,Financial audits raised red flags around David Anderson's complex web of business transactions.
David Anderson,Authorities investigated David Anderson for suspected involvement in a fraud scheme that bilked investors out of millions.
David Anderson,An investigation revealed that David Anderson had been involved in a network smuggling large amounts of cash across borders.
David Anderson,David Anderson was involved in a scheme to use charitable organizations as a cover for laundering money.
David Anderson,Documents revealed that David Anderson made suspicious cash deposits at multiple bank branches.
David Anderson,Financial audits raised red flags around David Anderson's complex web of business transactions.
David Anderson,Financial audits raised red flags around David Anderson's complex web of business transactions.
David Anderson,David Anderson had connections with known money launderers who were recently arrested.
David Anderson,An investigation revealed that David Anderson had been involved in a network smuggling large amounts of cash across borders.
Elizabeth Thomas,Elizabeth Thomas had connections with known money launderers who were recently arrested.
Elizabeth Thomas,Elizabeth Thomas is under scrutiny for alleged ties to organized crime and money laundering activities.
Elizabeth Thomas,Elizabeth Thomas was accused of structuring transactions to avoid detection by authorities.
Elizabeth Thomas,An investigation revealed that Elizabeth Thomas had been involved in a network smuggling large amounts of cash across borders.
Elizabeth Thomas,A whistleblower alleged that Elizabeth Thomas participated in illicit transactions with sanctioned individuals.
Elizabeth Thomas,Elizabeth Thomas is suspected of using a series of fake identities to launder funds through cryptocurrency exchanges.
Elizabeth Thomas,Elizabeth Thomas was implicated in a case where funds were funneled through multiple countries to obscure their origin.
Elizabeth Thomas,Documents revealed that Elizabeth Thomas made suspicious cash deposits at multiple bank branches.
Elizabeth Thomas,A whistleblower alleged that Elizabeth Thomas participated in illicit transactions with sanctioned individuals.
Elizabeth Thomas,Authorities suspect that Elizabeth Thomas used art and luxury goods as a means to launder illegal funds.
Sophia Patel,Sophia Patel is suspected of using a series of fake identities to launder funds through cryptocurrency exchanges.
Sophia Patel,Sophia Patel was accused of structuring transactions to avoid detection by authorities.
Sophia Patel,Sophia Patel was linked to a large-scale money laundering operation involving shell companies.
Sophia Patel,Sophia Patel's name appeared in leaked documents connected to a notorious crime syndicate.
Sophia Patel,A whistleblower alleged that Sophia Patel participated in illicit transactions with sanctioned individuals.
Sophia Patel,Multiple properties owned by Sophia Patel were seized after being linked to criminal enterprises.
Sophia Patel,Sophia Patel had connections with known money launderers who were recently arrested.
Sophia Patel,Sophia Patel is under scrutiny for alleged ties to organized crime and money laundering activities.
Sophia Patel,Authorities suspect that Sophia Patel used art and luxury goods as a means to launder illegal funds.
Sophia Patel,Sophia Patel was accused of structuring transactions to avoid detection by authorities.
Arjun Sharma,Documents revealed that Arjun Sharma made suspicious cash deposits at multiple bank branches.
Arjun Sharma,Law enforcement agencies are looking into Arjun Sharma's financial activities after receiving tips about unusual patterns.
Arjun Sharma,An investigation revealed that Arjun Sharma had been involved in a network smuggling large amounts of cash across borders.
Arjun Sharma,Multiple properties owned by Arjun Sharma were seized after being linked to criminal enterprises.
Arjun Sharma,Authorities investigated Arjun Sharma for suspected involvement in a fraud scheme that bilked investors out of millions.
Arjun Sharma,Authorities suspect that Arjun Sharma used art and luxury goods as a means to launder illegal funds.
Arjun Sharma,Investigators found Arjun Sharma was part of a high-profile money laundering ring spanning several continents.
Arjun Sharma,Arjun Sharma had connections with known money launderers who were recently arrested.
Arjun Sharma,Investigators found Arjun Sharma was part of a high-profile money laundering ring spanning several continents.
Arjun Sharma,Arjun Sharma was accused of structuring transactions to avoid detection by authorities.
Emily Turner,Emily Turner was flagged by international regulators for their involvement in high-risk financial activity.
Emily Turner,Law enforcement agencies are looking into Emily Turner's financial activities after receiving tips about unusual patterns.
Emily Turner,Emily Turner was implicated in a case where funds were funneled through multiple countries to obscure their origin.
Emily Turner,Multiple properties owned by Emily Turner were seized after being linked to criminal enterprises.
Emily Turner,Investigators found Emily Turner was part of a high-profile money laundering ring spanning several continents.
Emily Turner,Multiple properties owned by Emily Turner were seized after being linked to criminal enterprises.
Emily Turner,Investigators found Emily Turner was part of a high-profile money laundering ring spanning several continents.
Emily Turner,Emily Turner was implicated in a case where funds were funneled through multiple countries to obscure their origin.
Emily Turner,Emily Turner's name appeared in leaked documents connected to a notorious crime syndicate.
Emily Turner,An investigation revealed that Emily Turner had been involved in a network smuggling large amounts of cash across borders.
Isabella Smith,Isabella Smith is under scrutiny for alleged ties to organized crime and money laundering activities.
Isabella Smith,Isabella Smith was found to have transferred large sums of money to offshore accounts without explanation.
Isabella Smith,Isabella Smith had connections with known money launderers who were recently arrested.
Isabella Smith,Authorities investigated Isabella Smith for suspected involvement in a fraud scheme that bilked investors out of millions.
Isabella Smith,Isabella Smith was accused of structuring transactions to avoid detection by authorities.
Isabella Smith,Reports suggest Isabella Smith used front companies to obscure illegal financial activities.
Isabella Smith,Isabella Smith was linked to a large-scale money laundering operation involving shell companies.
Isabella Smith,Isabella Smith was linked to a large-scale money laundering operation involving shell companies.
Isabella Smith,Isabella Smith was involved in a scheme to use charitable organizations as a cover for laundering money.
Isabella Smith,A whistleblower alleged that Isabella Smith participated in illicit transactions with sanctioned individuals.
Michael Brown,Documents revealed that Michael Brown made suspicious cash deposits at multiple bank branches.
Michael Brown,Michael Brown was linked to a large-scale money laundering operation involving shell companies.
Michael Brown,Michael Brown is under scrutiny for alleged ties to organized crime and money laundering activities.
Michael Brown,Michael Brown was linked to a large-scale money laundering operation involving shell companies.
Michael Brown,Authorities suspect that Michael Brown used art and luxury goods as a means to launder illegal funds.
Michael Brown,Michael Brown was implicated in a case where funds were funneled through multiple countries to obscure their origin.
Michael Brown,Michael Brown is under scrutiny for alleged ties to organized crime and money laundering activities.
Michael Brown,An investigation revealed that Michael Brown had been involved in a network smuggling large amounts of cash across borders.
Michael Brown,Michael Brown is under scrutiny for alleged ties to organized crime and money laundering activities.
Michael Brown,A whistleblower alleged that Michael Brown participated in illicit transactions with sanctioned individuals.
Daniel Clarke,Multiple properties owned by Daniel Clarke were seized after being linked to criminal enterprises.
Daniel Clarke,Daniel Clarke was flagged by international regulators for their involvement in high-risk financial activity.
Daniel Clarke,Daniel Clarke was found to have transferred large sums of money to offshore accounts without explanation.
Daniel Clarke,Daniel Clarke is suspected of using a series of fake identities to launder funds through cryptocurrency exchanges.
Daniel Clarke,Daniel Clarke's name appeared in leaked documents connected to a notorious crime syndicate.
Daniel Clarke,Daniel Clarke was flagged by international regulators for their involvement in high-risk financial activity.
Daniel Clarke,Daniel Clarke is under scrutiny for alleged ties to organized crime and money laundering activities.
Daniel Clarke,Authorities investigated Daniel Clarke for suspected involvement in a fraud scheme that bilked investors out of millions.
Daniel Clarke,Daniel Clarke was implicated in a case where funds were funneled through multiple countries to obscure their origin.
Daniel Clarke,Daniel Clarke's name appeared in leaked documents connected to a notorious crime syndicate.
Laura Thompson,Investigators found Laura Thompson was part of a high-profile money laundering ring spanning several continents.
Laura Thompson,Laura Thompson was accused of structuring transactions to avoid detection by authorities.
Laura Thompson,Laura Thompson is suspected of using a series of fake identities to launder funds through cryptocurrency exchanges.
Laura Thompson,Laura Thompson is under scrutiny for alleged ties to organized crime and money laundering activities.
Laura Thompson,Documents revealed that Laura Thompson made suspicious cash deposits at multiple bank branches.
Laura Thompson,Laura Thompson was accused of structuring transactions to avoid detection by authorities.
Laura Thompson,Multiple properties owned by Laura Thompson were seized after being linked to criminal enterprises.
Laura Thompson,Law enforcement agencies are looking into Laura Thompson's financial activities after receiving tips about unusual patterns.
Laura Thompson,Laura Thompson was accused of structuring transactions to avoid detection by authorities.
Laura Thompson,Laura Thompson was flagged by international regulators for their involvement in high-risk financial activity.
Henry White,Multiple properties owned by Henry White were seized after being linked to criminal enterprises.
Henry White,Henry White was implicated in a case where funds were funneled through multiple countries to obscure their origin.
Henry White,Henry White had connections with known money launderers who were recently arrested.
Henry White,Documents revealed that Henry White made suspicious cash deposits at multiple bank branches.
Henry White,Henry White was accused of structuring transactions to avoid detection by authorities.
Henry White,Multiple properties owned by Henry White were seized after being linked to criminal enterprises.
Henry White,Multiple properties owned by Henry White were seized after being linked to criminal enterprises.
Henry White,Authorities suspect that Henry White used art and luxury goods as a means to launder illegal funds.
Henry White,Henry White was involved in a scheme to use charitable organizations as a cover for laundering money.
Henry White,Henry White is suspected of using a series of fake identities to launder funds through cryptocurrency exchanges.
Jessica Davis,Documents revealed that Jessica Davis made suspicious cash deposits at multiple bank branches.
Jessica Davis,An investigation revealed that Jessica Davis had been involved in a network smuggling large amounts of cash across borders.
Jessica Davis,Jessica Davis was accused of structuring transactions to avoid detection by authorities.
Jessica Davis,A whistleblower alleged that Jessica Davis participated in illicit transactions with sanctioned individuals.
Jessica Davis,Jessica Davis is suspected of using a series of fake identities to launder funds through cryptocurrency exchanges.
Jessica Davis,Jessica Davis was found to have transferred large sums of money to offshore accounts without explanation.
Jessica Davis,Jessica Davis had connections with known money launderers who were recently arrested.
Jessica Davis,Authorities investigated Jessica Davis for suspected involvement in a fraud scheme that bilked investors out of millions.
Jessica Davis,Reports suggest Jessica Davis used front companies to obscure illegal financial activities.
Jessica Davis,Jessica Davis was involved in a scheme to use charitable organizations as a cover for laundering money.
Ava Johnson,Law enforcement agencies are looking into Ava Johnson's financial activities after receiving tips about unusual patterns.
Ava Johnson,Investigators found Ava Johnson was part of a high-profile money laundering ring spanning several continents.
Ava Johnson,A whistleblower alleged that Ava Johnson participated in illicit transactions with sanctioned individuals.
Ava Johnson,Investigators found Ava Johnson was part of a high-profile money laundering ring spanning several continents.
Ava Johnson,Investigators found Ava Johnson was part of a high-profile money laundering ring spanning several continents.
Ava Johnson,Authorities investigated Ava Johnson for suspected involvement in a fraud scheme that bilked investors out of millions.
Ava Johnson,Authorities suspect that Ava Johnson used art and luxury goods as a means to launder illegal funds.
Ava Johnson,Authorities investigated Ava Johnson for suspected involvement in a fraud scheme that bilked investors out of millions.
Ava Johnson,Documents revealed that Ava Johnson made suspicious cash deposits at multiple bank branches.
Ava Johnson,Ava Johnson was linked to a large-scale money laundering operation involving shell companies.
Oliver Hall,Oliver Hall is suspected of using a series of fake identities to launder funds through cryptocurrency exchanges.
Oliver Hall,Reports suggest Oliver Hall used front companies to obscure illegal financial activities.
Oliver Hall,Oliver Hall had connections with known money launderers who were recently arrested.
Oliver Hall,An investigation revealed that Oliver Hall had been involved in a network smuggling large amounts of cash across borders.
Oliver Hall,An investigation revealed that Oliver Hall had been involved in a network smuggling large amounts of cash across borders.
Oliver Hall,Oliver Hall was accused of structuring transactions to avoid detection by authorities.
Oliver Hall,Investigators found Oliver Hall was part of a high-profile money laundering ring spanning several continents.
Oliver Hall,Law enforcement agencies are looking into Oliver Hall's financial activities after receiving tips about unusual patterns.
Oliver Hall,A whistleblower alleged that Oliver Hall participated in illicit transactions with sanctioned individuals.
Oliver Hall,Financial audits raised red flags around Oliver Hall's complex web of business transactions.
Amelia Moore,Financial audits raised red flags around Amelia Moore's complex web of business transactions.
Amelia Moore,Amelia Moore was involved in a scheme to use charitable organizations as a cover for laundering money.
Amelia Moore,Amelia Moore was found to have transferred large sums of money to offshore accounts without explanation.
Amelia Moore,Amelia Moore is suspected of using a series of fake identities to launder funds through cryptocurrency exchanges.
Amelia Moore,Amelia Moore was linked to a large-scale money laundering operation involving shell companies.
Amelia Moore,An investigation revealed that Amelia Moore had been involved in a network smuggling large amounts of cash across borders.
Amelia Moore,Authorities suspect that Amelia Moore used art and luxury goods as a means to launder illegal funds.
Amelia Moore,Financial audits raised red flags around Amelia Moore's complex web of business transactions.
Amelia Moore,Law enforcement agencies are looking into Amelia Moore's financial activities after receiving tips about unusual patterns.
Amelia Moore,Documents revealed that Amelia Moore made suspicious cash deposits at multiple bank branches.
Lucas Green,Financial audits raised red flags around Lucas Green's complex web of business transactions.
Lucas Green,Lucas Green had connections with known money launderers who were recently arrested.
Lucas Green,A whistleblower alleged that Lucas Green participated in illicit transactions with sanctioned individuals.
Lucas Green,Lucas Green was linked to a large-scale money laundering operation involving shell companies.
Lucas Green,Investigators found Lucas Green was part of a high-profile money laundering ring spanning several continents.
Lucas Green,Authorities suspect that Lucas Green used art and luxury goods as a means to launder illegal funds.
Lucas Green,An investigation revealed that Lucas Green had been involved in a network smuggling large amounts of cash across borders.
Lucas Green,Lucas Green was implicated in a case where funds were funneled through multiple countries to obscure their origin.
Lucas Green,Authorities investigated Lucas Green for suspected involvement in a fraud scheme that bilked investors out of millions.
Lucas Green,Documents revealed that Lucas Green made suspicious cash deposits at multiple bank branches.
Emma Wright,Investigators found Emma Wright was part of a high-profile money laundering ring spanning several continents.
Emma Wright,Law enforcement agencies are looking into Emma Wright's financial activities after receiving tips about unusual patterns.
Emma Wright,Authorities investigated Emma Wright for suspected involvement in a fraud scheme that bilked investors out of millions.
Emma Wright,Emma Wright was involved in a scheme to use charitable organizations as a cover for laundering money.
Emma Wright,Documents revealed that Emma Wright made suspicious cash deposits at multiple bank branches.
Emma Wright,Emma Wright had connections with known money launderers who were recently arrested.
Emma Wright,Emma Wright is under scrutiny for alleged ties to organized crime and money laundering activities.
Emma Wright,Emma Wright was involved in a scheme to use charitable organizations as a cover for laundering money.
Emma Wright,Reports suggest Emma Wright used front companies to obscure illegal financial activities.
Emma Wright,Multiple properties owned by Emma Wright were seized after being linked to criminal enterprises.
James Baker,James Baker was implicated in a case where funds were funneled through multiple countries to obscure their origin.
James Baker,Law enforcement agencies are looking into James Baker's financial activities after receiving tips about unusual patterns.
James Baker,Reports suggest James Baker used front companies to obscure illegal financial activities.
James Baker,Financial audits raised red flags around James Baker's complex web of business transactions.
James Baker,James Baker was found to have transferred large sums of money to offshore accounts without explanation.
James Baker,A whistleblower alleged that James Baker participated in illicit transactions with sanctioned individuals.
James Baker,James Baker was accused of structuring transactions to avoid detection by authorities.
James Baker,Authorities investigated James Baker for suspected involvement in a fraud scheme that bilked investors out of millions.
James Baker,James Baker is under scrutiny for alleged ties to organized crime and money laundering activities.
James Baker,Documents revealed that James Baker made suspicious cash deposits at multiple bank branches.
Chloe Lewis,Chloe Lewis is suspected of using a series of fake identities to launder funds through cryptocurrency exchanges.
Chloe Lewis,Chloe Lewis was linked to a large-scale money laundering operation involving shell companies.
Chloe Lewis,Chloe Lewis was linked to a large-scale money laundering operation involving shell companies.
Chloe Lewis,Authorities investigated Chloe Lewis for suspected involvement in a fraud scheme that bilked investors out of millions.
Chloe Lewis,Investigators found Chloe Lewis was part of a high-profile money laundering ring spanning several continents.
Chloe Lewis,A whistleblower alleged that Chloe Lewis participated in illicit transactions with sanctioned individuals.
Chloe Lewis,Authorities suspect that Chloe Lewis used art and luxury goods as a means to launder illegal funds.
Chloe Lewis,Reports suggest Chloe Lewis used front companies to obscure illegal financial activities.
Chloe Lewis,Authorities suspect that Chloe Lewis used art and luxury goods as a means to launder illegal funds.
Chloe Lewis,A whistleblower alleged that Chloe Lewis participated in illicit transactions with sanctioned individuals.
Benjamin Harris,Investigators found Benjamin Harris was part of a high-profile money laundering ring spanning several continents.
Benjamin Harris,Benjamin Harris is under scrutiny for alleged ties to organized crime and money laundering activities.
Benjamin Harris,Benjamin Harris was linked to a large-scale money laundering operation involving shell companies.
Benjamin Harris,Authorities suspect that Benjamin Harris used art and luxury goods as a means to launder illegal funds.
Benjamin Harris,Benjamin Harris is under scrutiny for alleged ties to organized crime and money laundering activities.
Benjamin Harris,Reports suggest Benjamin Harris used front companies to obscure illegal financial activities.
Benjamin Harris,Documents revealed that Benjamin Harris made suspicious cash deposits at multiple bank branches.
Benjamin Harris,Reports suggest Benjamin Harris used front companies to obscure illegal financial activities.
Benjamin Harris,Benjamin Harris was accused of structuring transactions to avoid detection by authorities.
Benjamin Harris,Benjamin Harris was accused of structuring transactions to avoid detection by authorities.
Charlotte Scott,Authorities suspect that Charlotte Scott used art and luxury goods as a means to launder illegal funds.
Charlotte Scott,Charlotte Scott was found to have transferred large sums of money to offshore accounts without explanation.
Charlotte Scott,Charlotte Scott was flagged by international regulators for their involvement in high-risk financial activity.
Charlotte Scott,Financial audits raised red flags around Charlotte Scott's complex web of business transactions.
Charlotte Scott,Charlotte Scott was flagged by international regulators for their involvement in high-risk financial activity.
Charlotte Scott,Charlotte Scott was linked to a large-scale money laundering operation involving shell companies.
Charlotte Scott,Charlotte Scott had connections with known money launderers who were recently arrested.
Charlotte Scott,A whistleblower alleged that Charlotte Scott participated in illicit transactions with sanctioned individuals.
Charlotte Scott,Investigators found Charlotte Scott was part of a high-profile money laundering ring spanning several continents.
Charlotte Scott,Law enforcement agencies are looking into Charlotte Scott's financial activities after receiving tips about unusual patterns.
Ethan Adams,Ethan Adams was linked to a large-scale money laundering operation involving shell companies.
Ethan Adams,Ethan Adams was accused of structuring transactions to avoid detection by authorities.
Ethan Adams,Ethan Adams had connections with known money launderers who were recently arrested.
Ethan Adams,Ethan Adams was involved in a scheme to use charitable organizations as a cover for laundering money.
Ethan Adams,Ethan Adams was implicated in a case where funds were funneled through multiple countries to obscure their origin.
Ethan Adams,Law enforcement agencies are looking into Ethan Adams's financial activities after receiving tips about unusual patterns.
Ethan Adams,Reports suggest Ethan Adams used front companies to obscure illegal financial activities.
Ethan Adams,Multiple properties owned by Ethan Adams were seized after being linked to criminal enterprises.
Ethan Adams,Multiple properties owned by Ethan Adams were seized after being linked to criminal enterprises.
Ethan Adams,Authorities investigated Ethan Adams for suspected involvement in a fraud scheme that bilked investors out of millions.
Grace King,Reports suggest Grace King used front companies to obscure illegal financial activities.
Grace King,Grace King was linked to a large-scale money laundering operation involving shell companies.
Grace King,Authorities investigated Grace King for suspected involvement in a fraud scheme that bilked investors out of millions.
Grace King,Authorities investigated Grace King for suspected involvement in a fraud scheme that bilked investors out of millions.
Grace King,A whistleblower alleged that Grace King participated in illicit transactions with sanctioned individuals.
Grace King,Multiple properties owned by Grace King were seized after being linked to criminal enterprises.
Grace King,Grace King had connections with known money launderers who were recently arrested.
Grace King,Grace King was flagged by international regulators for their involvement in high-risk financial activity.
Grace King,Grace King is under scrutiny for alleged ties to organized crime and money laundering activities.
Grace King,Reports suggest Grace King used front companies to obscure illegal financial activities.
